[
{
"id": 1,
"firstName": "Nicky",
"lastName": "Wolfe",
"title": "“Leykemiya ilə Mübarizə” İctimai Birliyi könüllülər və donorlar tərəfindən qan xərçəngin“",
"contetnt": "Birliyimizin əsas missiyası cəmiyyətimizi leykemiya xəstəliyi (qan xərçəngi) haqqında maarifləndirmək və bu xəstəliklə mübarizə aparan uşaqlara dəstək proqramları üçün vəsait toplamaqdır. Məqsədimiz uşaqları və",
"msgContetnt": "Səadətdən məktub Birliyimizin əsas missiyası cəmiyyətimizi leykemiya xəstəliyi (qan xərçəngi) haqqında maarifləndirmək və bu xəstəliklə mübarizə aparan uşaqlara dəstək proqramları üçün vəsait toplamaqdır. Məqsədimiz uşaqları vəBirliyimizin əsas missiyası cəmiyyətimizi leykemiya xəstəliyi (qan xərçəngi) haqqında maarifləndirmək və bu xəstəliklə mübarizə aparan uşaqlara dəstək proqramları üçün vəsait toplamaqdır. Ardını oxu",
"imageFile": "https://wallpaperaccess.com/full/109666.jpg",
"İsDeleted": false,
"createdDate": "2022-05-24T14:40:47.2319599"
},
{
"id": 2,
"firstName": "Taner",
"lastName": "Rasulov",
"title": "“Leykemiya ilə Mübarizə” İctimai Birliyi könüllülər və donorlar tərəfindən qan xərçəngin“",
"contetnt": "Birliyimizin əsas missiyası cəmiyyətimizi leykemiya xəstəliyi (qan xərçəngi) haqqında maarifləndirmək və bu xəstəliklə mübarizə aparan uşaqlara dəstək proqramları üçün vəsait toplamaqdır. Məqsədimiz uşaqları və",
"msgContetnt": "Səadətdən məktub Birliyimizin əsas missiyası cəmiyyətimizi leykemiya xəstəliyi (qan xərçəngi) haqqında maarifləndirmək və bu xəstəliklə mübarizə aparan uşaqlara dəstək proqramları üçün vəsait toplamaqdır. Məqsədimiz uşaqları vəBirliyimizin əsas missiyası cəmiyyətimizi leykemiya xəstəliyi (qan xərçəngi) haqqında maarifləndirmək və bu xəstəliklə mübarizə aparan uşaqlara dəstək proqramları üçün vəsait toplamaqdır. Ardını oxu",
"imageFile": "https://i.pinimg.com/736x/87/35/bd/8735bd599793572c7924e51a5d4b4449.jpg",
"İsDeleted": false,
"createdDate": "2022-05-24T14:40:47.232679"
},
{
"id": 3,
"firstName": "3Nicky",
"lastName": "Wolfe",
"title": "“Leykemiya ilə Mübarizə” İctimai Birliyi könüllülər və donorlar tərəfindən qan xərçəngin“",
"contetnt": "Birliyimizin əsas missiyası cəmiyyətimizi leykemiya xəstəliyi (qan xərçəngi) haqqında maarifləndirmək və bu xəstəliklə mübarizə aparan uşaqlara dəstək proqramları üçün vəsait toplamaqdır. Məqsədimiz uşaqları və",
"msgContetnt": "Səadətdən məktub Birliyimizin əsas missiyası cəmiyyətimizi leykemiya xəstəliyi (qan xərçəngi) haqqında maarifləndirmək və bu xəstəliklə mübarizə aparan uşaqlara dəstək proqramları üçün vəsait toplamaqdır. Məqsədimiz uşaqları vəBirliyimizin əsas missiyası cəmiyyətimizi leykemiya xəstəliyi (qan xərçəngi) haqqında maarifləndirmək və bu xəstəliklə mübarizə aparan uşaqlara dəstək proqramları üçün vəsait toplamaqdır. Ardını oxu",
"imageFile": "https://i.pinimg.com/736x/87/35/bd/8735bd599793572c7924e51a5d4b4449.jpg",
"İsDeleted": false,
"createdDate": "2022-05-24T14:40:47.2326817"
},
{
"id": 4,
"firstName": "4Nicky",
"lastName": "Wolfe",
"title": "“Leykemiya ilə Mübarizə” İctimai Birliyi könüllülər və donorlar tərəfindən qan xərçəngin“",
"contetnt": "Birliyimizin əsas missiyası cəmiyyətimizi leykemiya xəstəliyi (qan xərçəngi) haqqında maarifləndirmək və bu xəstəliklə mübarizə aparan uşaqlara dəstək proqramları üçün vəsait toplamaqdır. Məqsədimiz uşaqları və",
"msgContetnt": "Səadətdən məktub Birliyimizin əsas missiyası cəmiyyətimizi leykemiya xəstəliyi (qan xərçəngi) haqqında maarifləndirmək və bu xəstəliklə mübarizə aparan uşaqlara dəstək proqramları üçün vəsait toplamaqdır. Məqsədimiz uşaqları vəBirliyimizin əsas missiyası cəmiyyətimizi leykemiya xəstəliyi (qan xərçəngi) haqqında maarifləndirmək və bu xəstəliklə mübarizə aparan uşaqlara dəstək proqramları üçün vəsait toplamaqdır. Ardını oxu",
"imageFile": "https://i.pinimg.com/736x/87/35/bd/8735bd599793572c7924e51a5d4b4449.jpg",
"İsDeleted": false,
"createdDate": "2022-05-24T14:40:47.2326854"
},
{
"id": 5,
"firstName": "5Nicky",
"lastName": "Wolfe",
"title": "“Leykemiya ilə Mübarizə” İctimai Birliyi könüllülər və donorlar tərəfindən qan xərçəngin“",
"contetnt": "Birliyimizin əsas missiyası cəmiyyətimizi leykemiya xəstəliyi (qan xərçəngi) haqqında maarifləndirmək və bu xəstəliklə mübarizə aparan uşaqlara dəstək proqramları üçün vəsait toplamaqdır. Məqsədimiz uşaqları və",
"msgContetnt": "Səadətdən məktub Birliyimizin əsas missiyası cəmiyyətimizi leykemiya xəstəliyi (qan xərçəngi) haqqında maarifləndirmək və bu xəstəliklə mübarizə aparan uşaqlara dəstək proqramları üçün vəsait toplamaqdır. Məqsədimiz uşaqları vəBirliyimizin əsas missiyası cəmiyyətimizi leykemiya xəstəliyi (qan xərçəngi) haqqında maarifləndirmək və bu xəstəliklə mübarizə aparan uşaqlara dəstək proqramları üçün vəsait toplamaqdır. Ardını oxu",
"imageFile": "https://i.pinimg.com/736x/87/35/bd/8735bd599793572c7924e51a5d4b4449.jpg",
"İsDeleted": false,
"createdDate": "2022-05-24T14:40:47.2326856"
},
{
"id": 6,
"firstName": "5Nicky",
"lastName": "Wolfe",
"title": "“Leykemiya ilə Mübarizə” İctimai Birliyi könüllülər və donorlar tərəfindən qan xərçəngin“",
"contetnt": "Birliyimizin əsas missiyası cəmiyyətimizi leykemiya xəstəliyi (qan xərçəngi) haqqında maarifləndirmək və bu xəstəliklə mübarizə aparan uşaqlara dəstək proqramları üçün vəsait toplamaqdır. Məqsədimiz uşaqları və",
"msgContetnt": "Səadətdən məktub Birliyimizin əsas missiyası cəmiyyətimizi leykemiya xəstəliyi (qan xərçəngi) haqqında maarifləndirmək və bu xəstəliklə mübarizə aparan uşaqlara dəstək proqramları üçün vəsait toplamaqdır. Məqsədimiz uşaqları vəBirliyimizin əsas missiyası cəmiyyətimizi leykemiya xəstəliyi (qan xərçəngi) haqqında maarifləndirmək və bu xəstəliklə mübarizə aparan uşaqlara dəstək proqramları üçün vəsait toplamaqdır. Ardını oxu",
"imageFile": "https://i.pinimg.com/736x/87/35/bd/8735bd599793572c7924e51a5d4b4449.jpg",
"İsDeleted": false,
"createdDate": "2022-05-24T14:40:47.2326856"
},
{
"id": 7,
"firstName": "5Nicky",
"lastName": "Wolfe",
"title": "“Leykemiya ilə Mübarizə” İctimai Birliyi könüllülər və donorlar tərəfindən qan xərçəngin“",
"contetnt": "Birliyimizin əsas missiyası cəmiyyətimizi leykemiya xəstəliyi (qan xərçəngi) haqqında maarifləndirmək və bu xəstəliklə mübarizə aparan uşaqlara dəstək proqramları üçün vəsait toplamaqdır. Məqsədimiz uşaqları və",
"msgContetnt": "Səadətdən məktub Birliyimizin əsas missiyası cəmiyyətimizi leykemiya xəstəliyi (qan xərçəngi) haqqında maarifləndirmək və bu xəstəliklə mübarizə aparan uşaqlara dəstək proqramları üçün vəsait toplamaqdır. Məqsədimiz uşaqları vəBirliyimizin əsas missiyası cəmiyyətimizi leykemiya xəstəliyi (qan xərçəngi) haqqında maarifləndirmək və bu xəstəliklə mübarizə aparan uşaqlara dəstək proqramları üçün vəsait toplamaqdır. Ardını oxu",
"imageFile": "https://i.pinimg.com/736x/87/35/bd/8735bd599793572c7924e51a5d4b4449.jpg",
"İsDeleted": false,
"createdDate": "2022-05-24T14:40:47.2326856"
},
{
"id": 8,
"firstName": "5Nicky",
"lastName": "Wolfe",
"title": "“Leykemiya ilə Mübarizə” İctimai Birliyi könüllülər və donorlar tərəfindən qan xərçəngin“",
"contetnt": "Birliyimizin əsas missiyası cəmiyyətimizi leykemiya xəstəliyi (qan xərçəngi) haqqında maarifləndirmək və bu xəstəliklə mübarizə aparan uşaqlara dəstək proqramları üçün vəsait toplamaqdır. Məqsədimiz uşaqları və",
"msgContetnt": "Səadətdən məktub Birliyimizin əsas missiyası cəmiyyətimizi leykemiya xəstəliyi (qan xərçəngi) haqqında maarifləndirmək və bu xəstəliklə mübarizə aparan uşaqlara dəstək proqramları üçün vəsait toplamaqdır. Məqsədimiz uşaqları vəBirliyimizin əsas missiyası cəmiyyətimizi leykemiya xəstəliyi (qan xərçəngi) haqqında maarifləndirmək və bu xəstəliklə mübarizə aparan uşaqlara dəstək proqramları üçün vəsait toplamaqdır. Ardını oxu",
"imageFile": "https://i.pinimg.com/736x/87/35/bd/8735bd599793572c7924e51a5d4b4449.jpg",
"İsDeleted": false,
"createdDate": "2022-05-24T14:40:47.2326856"
},
{
"id": 9,
"firstName": "5Nicky",
"lastName": "Wolfe",
"title": "“Leykemiya ilə Mübarizə” İctimai Birliyi könüllülər və donorlar tərəfindən qan xərçəngin“",
"contetnt": "Birliyimizin əsas missiyası cəmiyyətimizi leykemiya xəstəliyi (qan xərçəngi) haqqında maarifləndirmək və bu xəstəliklə mübarizə aparan uşaqlara dəstək proqramları üçün vəsait toplamaqdır. Məqsədimiz uşaqları və",
"msgContetnt": "Səadətdən məktub Birliyimizin əsas missiyası cəmiyyətimizi leykemiya xəstəliyi (qan xərçəngi) haqqında maarifləndirmək və bu xəstəliklə mübarizə aparan uşaqlara dəstək proqramları üçün vəsait toplamaqdır. Məqsədimiz uşaqları vəBirliyimizin əsas missiyası cəmiyyətimizi leykemiya xəstəliyi (qan xərçəngi) haqqında maarifləndirmək və bu xəstəliklə mübarizə aparan uşaqlara dəstək proqramları üçün vəsait toplamaqdır. Ardını oxu",
"imageFile": "https://i.pinimg.com/736x/87/35/bd/8735bd599793572c7924e51a5d4b4449.jpg",
"İsDeleted": false,
"createdDate": "2022-05-24T14:40:47.2326856"
},
{
"id": 10,
"firstName": "5Nicky",
"lastName": "Wolfe",
"title": "“Leykemiya ilə Mübarizə” İctimai Birliyi könüllülər və donorlar tərəfindən qan xərçəngin“",
"contetnt": "Birliyimizin əsas missiyası cəmiyyətimizi leykemiya xəstəliyi (qan xərçəngi) haqqında maarifləndirmək və bu xəstəliklə mübarizə aparan uşaqlara dəstək proqramları üçün vəsait toplamaqdır. Məqsədimiz uşaqları və",
"msgContetnt": "Səadətdən məktub Birliyimizin əsas missiyası cəmiyyətimizi leykemiya xəstəliyi (qan xərçəngi) haqqında maarifləndirmək və bu xəstəliklə mübarizə aparan uşaqlara dəstək proqramları üçün vəsait toplamaqdır. Məqsədimiz uşaqları vəBirliyimizin əsas missiyası cəmiyyətimizi leykemiya xəstəliyi (qan xərçəngi) haqqında maarifləndirmək və bu xəstəliklə mübarizə aparan uşaqlara dəstək proqramları üçün vəsait toplamaqdır. Ardını oxu",
"imageFile": "https://i.pinimg.com/736x/87/35/bd/8735bd599793572c7924e51a5d4b4449.jpg",
"İsDeleted": false,
"createdDate": "2022-05-24T14:40:47.2326856"
},
{
"id": 11,
"firstName": "5Nicky",
"lastName": "Wolfe",
"title": "“Leykemiya ilə Mübarizə” İctimai Birliyi könüllülər və donorlar tərəfindən qan xərçəngin“",
"contetnt": "Birliyimizin əsas missiyası cəmiyyətimizi leykemiya xəstəliyi (qan xərçəngi) haqqında maarifləndirmək və bu xəstəliklə mübarizə aparan uşaqlara dəstək proqramları üçün vəsait toplamaqdır. Məqsədimiz uşaqları və",
"msgContetnt": "Səadətdən məktub Birliyimizin əsas missiyası cəmiyyətimizi leykemiya xəstəliyi (qan xərçəngi) haqqında maarifləndirmək və bu xəstəliklə mübarizə aparan uşaqlara dəstək proqramları üçün vəsait toplamaqdır. Məqsədimiz uşaqları vəBirliyimizin əsas missiyası cəmiyyətimizi leykemiya xəstəliyi (qan xərçəngi) haqqında maarifləndirmək və bu xəstəliklə mübarizə aparan uşaqlara dəstək proqramları üçün vəsait toplamaqdır. Ardını oxu",
"imageFile": "https://i.pinimg.com/736x/87/35/bd/8735bd599793572c7924e51a5d4b4449.jpg",
"İsDeleted": false,
"createdDate": "2022-05-24T14:40:47.2326856"
},
{
"id": 12,
"firstName": "5Nicky",
"lastName": "Wolfe",
"title": "“Leykemiya ilə Mübarizə” İctimai Birliyi könüllülər və donorlar tərəfindən qan xərçəngin“",
"contetnt": "Birliyimizin əsas missiyası cəmiyyətimizi leykemiya xəstəliyi (qan xərçəngi) haqqında maarifləndirmək və bu xəstəliklə mübarizə aparan uşaqlara dəstək proqramları üçün vəsait toplamaqdır. Məqsədimiz uşaqları və",
"msgContetnt": "Səadətdən məktub Birliyimizin əsas missiyası cəmiyyətimizi leykemiya xəstəliyi (qan xərçəngi) haqqında maarifləndirmək və bu xəstəliklə mübarizə aparan uşaqlara dəstək proqramları üçün vəsait toplamaqdır. Məqsədimiz uşaqları vəBirliyimizin əsas missiyası cəmiyyətimizi leykemiya xəstəliyi (qan xərçəngi) haqqında maarifləndirmək və bu xəstəliklə mübarizə aparan uşaqlara dəstək proqramları üçün vəsait toplamaqdır. Ardını oxu",
"imageFile": "https://i.pinimg.com/736x/87/35/bd/8735bd599793572c7924e51a5d4b4449.jpg",
"İsDeleted": false,
"createdDate": "2022-05-24T14:40:47.2326856"
},
{
"id": 13,
"firstName": "5Nicky",
"lastName": "Wolfe",
"title": "“Leykemiya ilə Mübarizə” İctimai Birliyi könüllülər və donorlar tərəfindən qan xərçəngin“",
"contetnt": "Birliyimizin əsas missiyası cəmiyyətimizi leykemiya xəstəliyi (qan xərçəngi) haqqında maarifləndirmək və bu xəstəliklə mübarizə aparan uşaqlara dəstək proqramları üçün vəsait toplamaqdır. Məqsədimiz uşaqları və",
"msgContetnt": "Səadətdən məktub Birliyimizin əsas missiyası cəmiyyətimizi leykemiya xəstəliyi (qan xərçəngi) haqqında maarifləndirmək və bu xəstəliklə mübarizə aparan uşaqlara dəstək proqramları üçün vəsait toplamaqdır. Məqsədimiz uşaqları vəBirliyimizin əsas missiyası cəmiyyətimizi leykemiya xəstəliyi (qan xərçəngi) haqqında maarifləndirmək və bu xəstəliklə mübarizə aparan uşaqlara dəstək proqramları üçün vəsait toplamaqdır. Ardını oxu",
"imageFile": "https://i.pinimg.com/736x/87/35/bd/8735bd599793572c7924e51a5d4b4449.jpg",
"İsDeleted": false,
"createdDate": "2022-05-24T14:40:47.2326856"
},
{
"id": 14,
"firstName": "5Nicky",
"lastName": "Wolfe",
"title": "“Leykemiya ilə Mübarizə” İctimai Birliyi könüllülər və donorlar tərəfindən qan xərçəngin“",
"contetnt": "Birliyimizin əsas missiyası cəmiyyətimizi leykemiya xəstəliyi (qan xərçəngi) haqqında maarifləndirmək və bu xəstəliklə mübarizə aparan uşaqlara dəstək proqramları üçün vəsait toplamaqdır. Məqsədimiz uşaqları və",
"msgContetnt": "Səadətdən məktub Birliyimizin əsas missiyası cəmiyyətimizi leykemiya xəstəliyi (qan xərçəngi) haqqında maarifləndirmək və bu xəstəliklə mübarizə aparan uşaqlara dəstək proqramları üçün vəsait toplamaqdır. Məqsədimiz uşaqları vəBirliyimizin əsas missiyası cəmiyyətimizi leykemiya xəstəliyi (qan xərçəngi) haqqında maarifləndirmək və bu xəstəliklə mübarizə aparan uşaqlara dəstək proqramları üçün vəsait toplamaqdır. Ardını oxu",
"imageFile": "https://i.pinimg.com/736x/87/35/bd/8735bd599793572c7924e51a5d4b4449.jpg",
"İsDeleted": false,
"createdDate": "2022-05-24T14:40:47.2326856"
},
{
"id": 15,
"firstName": "5Nicky",
"lastName": "Wolfe",
"title": "“Leykemiya ilə Mübarizə” İctimai Birliyi könüllülər və donorlar tərəfindən qan xərçəngin“",
"contetnt": "Birliyimizin əsas missiyası cəmiyyətimizi leykemiya xəstəliyi (qan xərçəngi) haqqında maarifləndirmək və bu xəstəliklə mübarizə aparan uşaqlara dəstək proqramları üçün vəsait toplamaqdır. Məqsədimiz uşaqları və",
"msgContetnt": "Səadətdən məktub Birliyimizin əsas missiyası cəmiyyətimizi leykemiya xəstəliyi (qan xərçəngi) haqqında maarifləndirmək və bu xəstəliklə mübarizə aparan uşaqlara dəstək proqramları üçün vəsait toplamaqdır. Məqsədimiz uşaqları vəBirliyimizin əsas missiyası cəmiyyətimizi leykemiya xəstəliyi (qan xərçəngi) haqqında maarifləndirmək və bu xəstəliklə mübarizə aparan uşaqlara dəstək proqramları üçün vəsait toplamaqdır. Ardını oxu",
"imageFile": "https://i.pinimg.com/736x/87/35/bd/8735bd599793572c7924e51a5d4b4449.jpg",
"İsDeleted": false,
"createdDate": "2022-05-24T14:40:47.2326856"
},
{
"id": 16,
"firstName": "5Nicky",
"lastName": "Wolfe",
"title": "“Leykemiya ilə Mübarizə” İctimai Birliyi könüllülər və donorlar tərəfindən qan xərçəngin“",
"contetnt": "Birliyimizin əsas missiyası cəmiyyətimizi leykemiya xəstəliyi (qan xərçəngi) haqqında maarifləndirmək və bu xəstəliklə mübarizə aparan uşaqlara dəstək proqramları üçün vəsait toplamaqdır. Məqsədimiz uşaqları və",
"msgContetnt": "Səadətdən məktub Birliyimizin əsas missiyası cəmiyyətimizi leykemiya xəstəliyi (qan xərçəngi) haqqında maarifləndirmək və bu xəstəliklə mübarizə aparan uşaqlara dəstək proqramları üçün vəsait toplamaqdır. Məqsədimiz uşaqları vəBirliyimizin əsas missiyası cəmiyyətimizi leykemiya xəstəliyi (qan xərçəngi) haqqında maarifləndirmək və bu xəstəliklə mübarizə aparan uşaqlara dəstək proqramları üçün vəsait toplamaqdır. Ardını oxu",
"imageFile": "https://i.pinimg.com/736x/87/35/bd/8735bd599793572c7924e51a5d4b4449.jpg",
"İsDeleted": false,
"createdDate": "2022-05-24T14:40:47.2326856"
},
{
"id": 17,
"firstName": "5Nicky",
"lastName": "Wolfe",
"title": "“Leykemiya ilə Mübarizə” İctimai Birliyi könüllülər və donorlar tərəfindən qan xərçəngin“",
"contetnt": "Birliyimizin əsas missiyası cəmiyyətimizi leykemiya xəstəliyi (qan xərçəngi) haqqında maarifləndirmək və bu xəstəliklə mübarizə aparan uşaqlara dəstək proqramları üçün vəsait toplamaqdır. Məqsədimiz uşaqları və",
"msgContetnt": "Səadətdən məktub Birliyimizin əsas missiyası cəmiyyətimizi leykemiya xəstəliyi (qan xərçəngi) haqqında maarifləndirmək və bu xəstəliklə mübarizə aparan uşaqlara dəstək proqramları üçün vəsait toplamaqdır. Məqsədimiz uşaqları vəBirliyimizin əsas missiyası cəmiyyətimizi leykemiya xəstəliyi (qan xərçəngi) haqqında maarifləndirmək və bu xəstəliklə mübarizə aparan uşaqlara dəstək proqramları üçün vəsait toplamaqdır. Ardını oxu",
"imageFile": "https://i.pinimg.com/736x/87/35/bd/8735bd599793572c7924e51a5d4b4449.jpg",
"İsDeleted": false,
"createdDate": "2022-05-24T14:40:47.2326856"
},
{
"id": 18,
"firstName": "5Nicky",
"lastName": "Wolfe",
"title": "“Leykemiya ilə Mübarizə” İctimai Birliyi könüllülər və donorlar tərəfindən qan xərçəngin“",
"contetnt": "Birliyimizin əsas missiyası cəmiyyətimizi leykemiya xəstəliyi (qan xərçəngi) haqqında maarifləndirmək və bu xəstəliklə mübarizə aparan uşaqlara dəstək proqramları üçün vəsait toplamaqdır. Məqsədimiz uşaqları və",
"msgContetnt": "Səadətdən məktub Birliyimizin əsas missiyası cəmiyyətimizi leykemiya xəstəliyi (qan xərçəngi) haqqında maarifləndirmək və bu xəstəliklə mübarizə aparan uşaqlara dəstək proqramları üçün vəsait toplamaqdır. Məqsədimiz uşaqları vəBirliyimizin əsas missiyası cəmiyyətimizi leykemiya xəstəliyi (qan xərçəngi) haqqında maarifləndirmək və bu xəstəliklə mübarizə aparan uşaqlara dəstək proqramları üçün vəsait toplamaqdır. Ardını oxu",
"imageFile": "https://i.pinimg.com/736x/87/35/bd/8735bd599793572c7924e51a5d4b4449.jpg",
"İsDeleted": false,
"createdDate": "2022-05-24T14:40:47.2326856"
},
{
"id": 19,
"firstName": "5Nicky",
"lastName": "Wolfe",
"title": "“Leykemiya ilə Mübarizə” İctimai Birliyi könüllülər və donorlar tərəfindən qan xərçəngin“",
"contetnt": "Birliyimizin əsas missiyası cəmiyyətimizi leykemiya xəstəliyi (qan xərçəngi) haqqında maarifləndirmək və bu xəstəliklə mübarizə aparan uşaqlara dəstək proqramları üçün vəsait toplamaqdır. Məqsədimiz uşaqları və",
"msgContetnt": "Səadətdən məktub Birliyimizin əsas missiyası cəmiyyətimizi leykemiya xəstəliyi (qan xərçəngi) haqqında maarifləndirmək və bu xəstəliklə mübarizə aparan uşaqlara dəstək proqramları üçün vəsait toplamaqdır. Məqsədimiz uşaqları vəBirliyimizin əsas missiyası cəmiyyətimizi leykemiya xəstəliyi (qan xərçəngi) haqqında maarifləndirmək və bu xəstəliklə mübarizə aparan uşaqlara dəstək proqramları üçün vəsait toplamaqdır. Ardını oxu",
"imageFile": "https://i.pinimg.com/736x/87/35/bd/8735bd599793572c7924e51a5d4b4449.jpg",
"İsDeleted": false,
"createdDate": "2022-05-24T14:40:47.2326856"
},
{
"id": 20,
"firstName": "5Nicky",
"lastName": "Wolfe",
"title": "“Leykemiya ilə Mübarizə” İctimai Birliyi könüllülər və donorlar tərəfindən qan xərçəngin“",
"contetnt": "Birliyimizin əsas missiyası cəmiyyətimizi leykemiya xəstəliyi (qan xərçəngi) haqqında maarifləndirmək və bu xəstəliklə mübarizə aparan uşaqlara dəstək proqramları üçün vəsait toplamaqdır. Məqsədimiz uşaqları və",
"msgContetnt": "Səadətdən məktub Birliyimizin əsas missiyası cəmiyyətimizi leykemiya xəstəliyi (qan xərçəngi) haqqında maarifləndirmək və bu xəstəliklə mübarizə aparan uşaqlara dəstək proqramları üçün vəsait toplamaqdır. Məqsədimiz uşaqları vəBirliyimizin əsas missiyası cəmiyyətimizi leykemiya xəstəliyi (qan xərçəngi) haqqında maarifləndirmək və bu xəstəliklə mübarizə aparan uşaqlara dəstək proqramları üçün vəsait toplamaqdır. Ardını oxu",
"imageFile": "https://i.pinimg.com/736x/87/35/bd/8735bd599793572c7924e51a5d4b4449.jpg",
"İsDeleted": false,
"createdDate": "2022-05-24T14:40:47.2326856"
}
]